{"textures":{"0":"modelengine:entity/boss"},"elements":[{"from":[6.7773952,7.7272034,5.410714],"to":[11.777395,8.727203,10.410714],"faces":{"east":{"uv":[5.875,6.0,6.5,6.125],"tintindex":0,"rotation":0,"texture":"#0"},"south":{"uv":[1.5,6.125,2.125,6.25],"tintindex":0,"rotation":0,"texture":"#0"},"north":{"uv":[6.0,3.375,6.625,3.5],"tintindex":0,"rotation":0,"texture":"#0"},"west":{"uv":[6.125,1.625,6.75,1.75],"tintindex":0,"rotation":0,"texture":"#0"},"up":{"uv":[4.75,4.375,4.125,3.75],"tintindex":0,"rotation":0,"texture":"#0"},"down":{"uv":[0.625,4.25,0.0,4.875],"tintindex":0,"rotation":0,"texture":"#0"}},"rotation":{"origin":[9.277395,8.227203,7.910714],"angle":-45.0,"axis":"x"}},{"from":[7.2773952,3.7272034,7.410714],"to":[9.777395,6.7272034,9.910714],"faces":{"east":{"uv":[4.625,5.25,4.9375,5.625],"tintindex":0,"rotation":0,"texture":"#0"},"south":{"uv":[5.125,5.25,5.4375,5.625],"tintindex":0,"rotation":0,"texture":"#0"},"north":{"uv":[2.5,5.25,2.8125,5.625],"tintindex":0,"rotation":0,"texture":"#0"},"west":{"uv":[3.0,5.375,3.3125,5.75],"tintindex":0,"rotation":0,"texture":"#0"},"up":{"uv":[2.0625,5.9375,1.75,5.625],"tintindex":0,"rotation":0,"texture":"#0"},"down":{"uv":[5.9375,1.75,5.625,2.0625],"tintindex":0,"rotation":0,"texture":"#0"}},"rotation":{"origin":[8.777395,5.7272034,8.410714],"angle":-45.0,"axis":"y"}},{"from":[7.7773952,6.7272034,7.410714],"to":[9.777395,8.727203,9.410714],"faces":{"east":{"uv":[2.25,6.25,2.5,6.5],"tintindex":0,"rotation":0,"texture":"#0"},"south":{"uv":[2.625,6.25,2.875,6.5],"tintindex":0,"rotation":0,"texture":"#0"},"north":{"uv":[6.25,2.125,6.5,2.375],"tintindex":0,"rotation":0,"texture":"#0"},"west":{"uv":[3.0,6.25,3.25,6.5],"tintindex":0,"rotation":0,"texture":"#0"},"up":{"uv":[4.5,6.5,4.25,6.25],"tintindex":0,"rotation":0,"texture":"#0"},"down":{"uv":[5.875,6.25,5.625,6.5],"tintindex":0,"rotation":0,"texture":"#0"}}}],"display":{"gui":{"rotation":[30,225,0]}}}